{
  "formatVersion": 1,
  "database": {
    "version": 1,
    "identityHash": "3a0f83309b0fb274e1c7b7d5ecf37668",
    "entities": [
      {
        "tableName": "billing_sku_details",
        "createSql": "CREATE TABLE IF NOT EXISTS `${TABLE_NAME}` (`sku_id` TEXT NOT NULL, `sku_type` TEXT NOT NULL, `sku_price` TEXT NOT NULL, `original_json` TEXT NOT NULL, PRIMARY KEY(`sku_id`))",
        "fields": [
          {
            "fieldPath": "skuID",
            "columnName": "sku_id",
            "affinity": "TEXT",
            "notNull": true
          },
          {
            "fieldPath": "skuType",
            "columnName": "sku_type",
            "affinity": "TEXT",
            "notNull": true
          },
          {
            "fieldPath": "skuPrice",
            "columnName": "sku_price",
            "affinity": "TEXT",
            "notNull": true
          },
          {
            "fieldPath": "originalJson",
            "columnName": "original_json",
            "affinity": "TEXT",
            "notNull": true
          }
        ],
        "primaryKey": {
          "columnNames": [
            "sku_id"
          ],
          "autoGenerate": false
        },
        "indices": [
          {
            "name": "index_billing_sku_details_sku_id",
            "unique": false,
            "columnNames": [
              "sku_id"
            ],
            "createSql": "CREATE INDEX IF NOT EXISTS `index_billing_sku_details_sku_id` ON `${TABLE_NAME}` (`sku_id`)"
          }
        ],
        "foreignKeys": []
      },
      {
        "tableName": "billing_purchase_details",
        "createSql": "CREATE TABLE IF NOT EXISTS `${TABLE_NAME}` (`purchase_token` TEXT NOT NULL, `order_id` TEXT NOT NULL, `sku_id` TEXT NOT NULL, `purchase_time` INTEGER NOT NULL, PRIMARY KEY(`purchase_token`))",
        "fields": [
          {
            "fieldPath": "purchaseToken",
            "columnName": "purchase_token",
            "affinity": "TEXT",
            "notNull": true
          },
          {
            "fieldPath": "orderID",
            "columnName": "order_id",
            "affinity": "TEXT",
            "notNull": true
          },
          {
            "fieldPath": "skuID",
            "columnName": "sku_id",
            "affinity": "TEXT",
            "notNull": true
          },
          {
            "fieldPath": "purchaseTime",
            "columnName": "purchase_time",
            "affinity": "INTEGER",
            "notNull": true
          }
        ],
        "primaryKey": {
          "columnNames": [
            "purchase_token"
          ],
          "autoGenerate": false
        },
        "indices": [
          {
            "name": "index_billing_purchase_details_sku_id",
            "unique": false,
            "columnNames": [
              "sku_id"
            ],
            "createSql": "CREATE INDEX IF NOT EXISTS `index_billing_purchase_details_sku_id` ON `${TABLE_NAME}` (`sku_id`)"
          }
        ],
        "foreignKeys": []
      }
    ],
    "views": [],
    "setupQueries": [
      "CREATE TABLE IF NOT EXISTS room_master_table (id INTEGER PRIMARY KEY,identity_hash TEXT)",
      "INSERT OR REPLACE INTO room_master_table (id,identity_hash) VALUES(42, '3a0f83309b0fb274e1c7b7d5ecf37668')"
    ]
  }
}