<?xml version="1.0" encoding="utf-8" ?>
<LinearLayout xmlns:android="http://schemas.android.com/apk/res/android"
    xmlns:app="http://schemas.android.com/apk/res-auto" android:layout_width="fill_parent"
    android:layout_height="fill_parent" android:background="@android:color/white"
    android:orientation="vertical">
    <LinearLayout android:layout_width="fill_parent" android:layout_height="wrap_content"
        android:orientation="horizontal" android:paddingLeft="@dimen/spacing_medium"
        android:paddingTop="@dimen/spacing_middle" android:paddingRight="@dimen/spacing_medium"
        android:paddingBottom="@dimen/spacing_middle">
        <View android:layout_width="@dimen/spacing_large" android:layout_height="0.0dip" />
        <LinearLayout android:layout_width="0.0dip" android:layout_height="wrap_content"
            android:layout_gravity="center_vertical" android:layout_weight="1.0"
            android:orientation="vertical">
            <TextView android:layout_width="wrap_content" android:layout_height="fill_parent"
                android:text="Term of Services"
                android:textAppearance="@style/Base.TextAppearance.AppCompat.Title"
                android:textColor="@color/teal_500" android:textStyle="bold"
                app:fontFamily="serif" />
            <TextView android:layout_width="wrap_content" android:layout_height="fill_parent"
                android:text="last update January 2018"
                android:textAppearance="@style/Base.TextAppearance.AppCompat.Caption"
                android:textColor="@color/teal_200" android:textStyle="italic"
                app:fontFamily="serif" />
        </LinearLayout>
        <ImageButton android:id="@id/bt_download" android:layout_width="?actionBarSize"
            android:layout_height="?actionBarSize"
            android:background="?selectableItemBackgroundBorderless" android:tint="@color/grey_60"
            app:srcCompat="@drawable/ic_file_download" />
        <ImageButton android:id="@id/bt_close" android:layout_width="?actionBarSize"
            android:layout_height="?actionBarSize"
            android:background="?selectableItemBackgroundBorderless" android:tint="@color/grey_60"
            app:srcCompat="@drawable/ic_close" />
    </LinearLayout>
    <View android:layout_width="fill_parent" android:layout_height="1.0dip"
        android:background="@color/teal_100" />
    <androidx.core.widget.NestedScrollView android:layout_width="fill_parent"
        android:layout_height="0.0dip" android:layout_weight="1.0" android:scrollbars="vertical">
        <LinearLayout android:layout_width="fill_parent" android:layout_height="wrap_content"
            android:orientation="vertical" android:padding="@dimen/spacing_mlarge">
            <TextView android:layout_width="fill_parent" android:layout_height="wrap_content"
                android:gravity="center_vertical" android:lineSpacingExtra="@dimen/spacing_small"
                android:text="@string/very_long_lorem_ipsum_2"
                android:textAppearance="@style/TextAppearance.AppCompat.Body1"
                android:textColor="@color/grey_60" app:fontFamily="serif" />
        </LinearLayout>
    </androidx.core.widget.NestedScrollView>
    <View android:layout_width="fill_parent" android:layout_height="1.0dip"
        android:background="@color/teal_100" />
    <LinearLayout android:layout_width="fill_parent" android:layout_height="wrap_content"
        android:orientation="horizontal" android:paddingLeft="@dimen/spacing_mlarge"
        android:paddingTop="@dimen/spacing_middle" android:paddingRight="@dimen/spacing_mlarge"
        android:paddingBottom="@dimen/spacing_middle">
        <Button android:id="@id/bt_accept" style="@style/Button.Primary.Borderless"
            android:layout_width="0.0dip" android:layout_height="wrap_content"
            android:layout_weight="1.0" android:background="@drawable/btn_rect_teal"
            android:text="Accept" android:textAllCaps="false"
            android:textColor="@android:color/white" android:textStyle="bold"
            app:fontFamily="serif" />
        <View android:layout_width="@dimen/spacing_large" android:layout_height="0.0dip" />
        <Button android:id="@id/bt_decline" style="@style/Button.Primary.Borderless"
            android:layout_width="0.0dip" android:layout_height="wrap_content"
            android:layout_weight="1.0" android:background="@drawable/btn_rect_teal_outline"
            android:text="Decline" android:textAllCaps="false" android:textColor="@color/teal_500"
            android:textStyle="bold" app:fontFamily="serif" />
    </LinearLayout>
</LinearLayout>
